OrganismRowID,OrganismCode,Active,CommonName,Native,Phylum,Class,Order,Family,Genus,Species,NormalizedCode,Comments,s_ColLineage,s_Generation,s_Lineage
{6204CA58-80D1-11D3-AFD7-00C04FF7F6A0},ACL,FALSE,Asian Clam,,Mollusca,Bivalvia,Myodia,Sphaeriidae,Potamocorbula,amurenis,160,,,1,
{6204CA7C-80D1-11D3-AFD7-00C04FF7F6A0},AGB,FALSE,Arrow Goby,,Chordata,Osteichthyes,Perciformes,Gobiidae,Clevelandia,ios,227,,,1,
{13157E76-8C9C-11D3-AFE6-00C04FF7F6A0},AME,FALSE,American Eel,,Chordata,Osteichthyes,Anguilliformes,Anguillidae,Anguilla,rostrata,,,,1,
{95FC8A23-6E7F-4D4F-B63A-CCF459272A35},AMM,TRUE,Ammocoete Lamprey,N,Chordata,Cephalaspidomorphi,Petromyzontiformes,Petromyzontidae,Lampetra,NA,,,,1278,
{90FE9FA9-E1FB-11D2-9F94-006008038FD8},AMS,TRUE,American Shad,I,Chordata,Osteichthyes,Clupeiformes,Clupeidae,Alosa,sapidissima,126,,,1277,
{90FE9FAA-E1FB-11D2-9F94-006008038FD8},BAS,TRUE,Bass Unknown,I,Chordata,Osteichthyes,Perciformes,Centrarchidae,Micropterus,NA,192,,,1277,
{6204CA61-80D1-11D3-AFD7-00C04FF7F6A0},BG,FALSE,Bay Goby,,Chordata,Osteichthyes,Perciformes,Gobiidae,Lepidogobius,lepidus,194,,,1,
{90FE9FAC-E1FB-11D2-9F94-006008038FD8},BGS,TRUE,Bluegill,I,Chordata,Osteichthyes,Perciformes,Centrarchidae,Lepomis,macrochirus,131,,,1277,
{90FE9FAD-E1FB-11D2-9F94-006008038FD8},BKB,TRUE,Black Bullhead,I,Chordata,Osteichthyes,Siluriformes,Ictaluridae,Ameiurus,melas,129,,,1277,
{90FE9FAE-E1FB-11D2-9F94-006008038FD8},BKS,TRUE,Black Crappie,I,Chordata,Osteichthyes,Perciformes,Centrarchidae,Pomoxis,nigromaculatus,130,,,1277,
{8B0BBDAB-F44B-11D3-BCEB-006008038FF4},BKT,TRUE,Brook Trout,I,Chordata,Osteichthyes,Salmoniformes,Salmonidae,Salvelinus,fontinalis,,,,1,
{594E503A-0BD8-11D4-BCF6-006008038FF4},BL,TRUE,Pacific Brook Lamprey,N,Chordata,Cephalaspidomorphi,Petromyzontiformes,Petromyzontidae,Lampetra,pacifica,,,,1,
{13157E74-8C9C-11D3-AFE6-00C04FF7F6A0},BLC,FALSE,Blue Catfish,,Chordata,Osteichthyes,Siluriformes,Ictaluridae,Ictalurus,furcatus,,,,1,
{6204CA87-80D1-11D3-AFD7-00C04FF7F6A0},BPE,FALSE,Black Perch,,Chordata,Osteichthyes,Percifomes,Embiotocidae,Embiotoca,jacksoni,238,,,1,
{90FE9FAF-E1FB-11D2-9F94-006008038FD8},BPF,FALSE,Bay Pipefish,,Chordata,Osteichthyes,Gasterosteiformes,Syngnathidae,Syngnathus,leptorhynchus,127,,,1,
{6204CA7F-80D1-11D3-AFD7-00C04FF7F6A0},BRA,FALSE,Bat Ray,,Chordata,Elasmobranchiomorphi,Rajiformes,Mobulidae,Myliobatis,californica,230,,,1,
{90FE9FB0-E1FB-11D2-9F94-006008038FD8},BRB,TRUE,Brown Bullhead,I,Chordata,Osteichthyes,Siluriformes,Ictaluridae,Ameiurus,nebulosus,132,,,1,
{6204CA57-80D1-11D3-AFD7-00C04FF7F6A0},BSH,FALSE,Bay Shrimp,,Arthropoda,Crustacea,Euphausiacea,Palaemonidae,Palaemon,macrodactylum,156,,,1,
{6204CA55-80D1-11D3-AFD7-00C04FF7F6A0},BSJ,FALSE,Black Sea Jellyfish,,Cnidaria,Hydrozoa,Limnomedusae,Olindiadidae,Maeotias,inexpectata,151,,,1,
{6204CA80-80D1-11D3-AFD7-00C04FF7F6A0},BSK,FALSE,Big Skate,,Chordata,Elasmobranchiomorphi,Rajiformes,Rajidae,Raja,binoculata,231,,,1,
{6204CA7A-80D1-11D3-AFD7-00C04FF7F6A0},BSM,FALSE,Brown Smoothhound,,Chordata,Elasmobranchiomorphi,Lamniformes,Carcharhinidae,Mustelus,henlei,225,,,1,
{6204CA62-80D1-11D3-AFD7-00C04FF7F6A0},BSP,FALSE,Barred Surfperch,,Chordata,Osteichthyes,Perciformes,Embiotocidae,Amphistichus,argenteus,195,,,1,
{6204CA63-80D1-11D3-AFD7-00C04FF7F6A0},BT,TRUE,Brown Trout,N,Chordata,Osteichthyes,Salmoniformes,Salmonidae,Salmo,trutta,196,,,1,
{6204CA83-80D1-11D3-AFD7-00C04FF7F6A0},BUS,FALSE,Butter Sole,,Chordata,Osteichthyes,Pleuronectiformes,Pleuronectidae,Isopsetta,NA,255,,,1,
{90FE9FB2-E1FB-11D2-9F94-006008038FD8},C,TRUE,Common Carp,I,Chordata,Osteichthyes,Cypriniformes,Cyprinidae,Cyprinus,carpio,134,,,1277,
{6204CA51-80D1-11D3-AFD7-00C04FF7F6A0},CAH,FALSE,California Halibut,,Chordata,Osteichthyes,Pleuronectiformes,Bothidae,Paralichthys,californicus,133,,,1,
{90FE9FB3-E1FB-11D2-9F94-006008038FD8},CAR,TRUE,California Roach,N,Chordata,Osteichthyes,Cypriniformes,Cyprinidae,Hesperoleucus,symmetricus,185,,,1277,
{6204CA9A-80D1-11D3-AFD7-00C04FF7F6A0},CAT,TRUE,Catfish Unknown,I,Chordata,Osteichthyes,Siluriformes,Ictaluridae,NA,NA,260,,,1277,
{6204CA52-80D1-11D3-AFD7-00C04FF7F6A0},CBS,FALSE,California Bay Shrimp,,Arthropoda,Crustacea,Decapoda,Crangonidae,Crangon,franciscorum,137,,,1,
{6204CA97-80D1-11D3-AFD7-00C04FF7F6A0},CGO,FALSE,Cheekspot Goby,,Chordata,Osteichthyes,Perciformes,Gobiidae,Llypnus,gilberti,257,,,1,
{90FE9FB4-E1FB-11D2-9F94-006008038FD8},CHC,TRUE,Channel Catfish,I,Chordata,Osteichthyes,Siluriformes,Ictaluridae,Ictalurus,punctatus,135,,,1277,
{90FE9FB5-E1FB-11D2-9F94-006008038FD8},CHG,FALSE,Chameleon Goby,,Chordata,Osteichthyes,Perciformes,Gobiidae,Tridentiger,trigonocephalus,197,,,1,
{90FE9FB6-E1FB-11D2-9F94-006008038FD8},CHN,TRUE,Chinook Salmon,N,Chordata,Osteichthyes,Salmoniformes,Salmonidae,Oncorhynchus,tshawytscha,136,,,1277,
{6204CAA8-80D1-11D3-AFD7-00C04FF7F6A0},CMC,TRUE,Chinese Mitten Crab,I,Arthropoda,Crustacea,Decapoda,Grapsidae,Eriocheir,sinensis,139,,,1277,
{13157E73-8C9C-11D3-AFE6-00C04FF7F6A0},COS,FALSE,Coho Salmon,,Chordata,Osteichthyes,Salmoniformes,Salmonidae,Oncorhynchus,kisutch,,,,1,
{6204CA79-80D1-11D3-AFD7-00C04FF7F6A0},CSP,FALSE,Callico Serf Perch,,Chordata,Osteichthyes,Percifomes,Embiotocidae,Amphistichus,koelzi,224,,,1,
{90FE9FB7-E1FB-11D2-9F94-006008038FD8},DMT,FALSE,Diamond Turbot,,Chordata,Osteichthyes,Pleuronectiformes,Pleuronectidae,Hypsopsetta,guttulata,198,,,1,
{90FE9FB8-E1FB-11D2-9F94-006008038FD8},DSM,TRUE,Delta Smelt,N,Chordata,Osteichthyes,Salmoniformes,Osmeridae,Hypomesus,transpacificus,138,,,1277,
{6204CA7E-80D1-11D3-AFD7-00C04FF7F6A0},DSU,FALSE,Dwarf Surfperch,,Chordata,Osteichthyes,Perciformes,Embiotocidae,Micrometrus,minimus,254,,,1,
{90FE9FB9-E1FB-11D2-9F94-006008038FD8},ELS,FALSE,English Sole,,Chordata,Osteichthyes,Pleuronectiformes,Pleuronectidae,Pleuronectes,vetulus,199,,,1,
{90FE9FBA-E1FB-11D2-9F94-006008038FD8},FHM,TRUE,Fathead Minnow,I,Chordata,Osteichthyes,Cypriniformes,Cyprinidae,Pimephales,promelas,140,,,1277,
{6204CA8E-80D1-11D3-AFD7-00C04FF7F6A0},FLF,FALSE,Flatfish,,Chordata,Osteichthyes,Pleuronectiformes,NA,NA,NA,246,,,1,
{90FE9FBC-E1FB-11D2-9F94-006008038FD8},GF,TRUE,Goldfish,I,Chordata,Osteichthyes,Cypriniformes,Cyprinidae,Carassius,auratus,142,,,1277,
{6204CA64-80D1-11D3-AFD7-00C04FF7F6A0},GOB,FALSE,Goby Unknown,,Chordata,Osteichthyes,Perciformes,Gobiidae,NA,NA,200,,,1,
{90FE9FBD-E1FB-11D2-9F94-006008038FD8},GSF,TRUE,Green Sunfish,I,Chordata,Osteichthyes,Perciformes,Centrarchidae,Lepomis,cyanellus,143,,,1277,
{6204CA8A-80D1-11D3-AFD7-00C04FF7F6A0},GSM,FALSE,Grey Smoothhound,,Chordata,Elasmobranchiomorphi,Lamniformes,Carcharhinidae,Mustelus,californica,242,,,1,
{90FE9FBE-E1FB-11D2-9F94-006008038FD8},GSN,TRUE,Golden Shiner,I,Chordata,Osteichthyes,Cypriniformes,Cyprinidae,Notemigonus,crysoleucas,141,,,1277,
{90FE9FBF-E1FB-11D2-9F94-006008038FD8},GST,TRUE,Green Sturgeon,N,Chordata,Osteichthyes,Acipenseriformes,Acipenseridae,Acipenser,medirostris,144,,,1277,
{90FE9FC0-E1FB-11D2-9F94-006008038FD8},HCH,TRUE,Hitch,N,Chordata,Osteichthyes,Cypriniformes,Cyprinidae,Lavinia,exilicauda,145,,,1277,
{6204CA99-80D1-11D3-AFD7-00C04FF7F6A0},HER,FALSE,Herring Unknown,,Chordata,Osteichthyes,Clupeiformes,Clupeidae,NA,NA,259,,,1,
{90FE9FC1-E1FB-11D2-9F94-006008038FD8},HH,TRUE,Hardhead,I,Chordata,Osteichthyes,Cypriniformes,Cyprinidae,Mylopharodon,conocephalus,186,,,1277,
{90FE9FC2-E1FB-11D2-9F94-006008038FD8},JSM,FALSE,Jacksmelt,,Chordata,Osteichthyes,Atheriniformes,Atherinidae,Atherinopsis,californiensis,201,,,1,
{401EE10E-C3CE-11D3-B02C-00C04FF7F6A0},KBL,FALSE,Kern Brook Lamprey,,Chordata,Cephalaspidomorphi,Petromyzontiformes,Petromyzontidae,Lampetra,hubbsi,,,,1,
{6204CA98-80D1-11D3-AFD7-00C04FF7F6A0},KOS,FALSE,Kokanee Salmon,,Chordata,Osteichthyes,Salmoniformes,Salmonidae,Oncorhynchus,nerka,258,,,1,
{90FE9FC3-E1FB-11D2-9F94-006008038FD8},LAM,TRUE,Lamprey Unknown,,Chordata,Cephalaspidomorphi,Petromyzontiformes,Petromyzontidae,Lampetra,NA,202,,,1,
{90FE9FC4-E1FB-11D2-9F94-006008038FD8},LFS,TRUE,Longfin Smelt,N,Chordata,Osteichthyes,Salmoniformes,Osmeridae,Spirinchus,thaleichthys,149,,,1277,
{6204CA90-80D1-11D3-AFD7-00C04FF7F6A0},LIC,FALSE,Lingcod,,Chordata,Osteichthyes,Scorpaeniformes,Hexagrammidae,Ophiodon,elongatus,248,,,1,
{90FE9FC5-E1FB-11D2-9F94-006008038FD8},LMB,TRUE,Largemouth Bass,I,Chordata,Osteichthyes,Perciformes,Centrarchidae,Micropterus,salmoides,148,,,1277,
{6204CA54-80D1-11D3-AFD7-00C04FF7F6A0},LMS,FALSE,Longjaw Mudsucker,,Chordata,Osteichthyes,Percifomes,Gobiidae,Gillichthys,mirabilis,150,,,1,
{90FE9FC7-E1FB-11D2-9F94-006008038FD8},LP,TRUE,Bigscale Logperch,I,Chordata,Osteichthyes,Perciformes,Percidae,Percina,macrolepida,128,,,1277,
{6204CA7B-80D1-11D3-AFD7-00C04FF7F6A0},LSH,FALSE,Leopard Shark,,Chordata,Elasmobranchiomorphi,Lamniformes,Carcharhinidae,Triakis,semifasciata,226,,,1,
{6204CA66-80D1-11D3-AFD7-00C04FF7F6A0},MIN,TRUE,Minnow Unknown,,Chordata,Osteichthyes,Cypriniformes,Cyprinidae,NA,NA,203,,,1,
{90FE9FC9-E1FB-11D2-9F94-006008038FD8},MQF,TRUE,Western Mosquitofish,I,Chordata,Osteichthyes,Cyprinodontiformes,Poeciliidae,Gambusia,affinis,153,,,1277,
{90FE9FCA-E1FB-11D2-9F94-006008038FD8},MSS,TRUE,Inland Silverside,I,Chordata,Osteichthyes,Atheriniformes,Atherinidae,Menidia,beryllina,146,,,1277,
{90FE9FCB-E1FB-11D2-9F94-006008038FD8},NAN,FALSE,Northern Anchovy,,Chordata,Osteichthyes,Clupeiformes,Engraulidae,Engraulis,mordax,155,,,1,
{6204CA75-80D1-11D3-AFD7-00C04FF7F6A0},NONE,TRUE,NoCatch,,NA,NA,NA,NA,NA,nocatch,220,,,1,
{13157E78-8C9C-11D3-AFE6-00C04FF7F6A0},NPK,FALSE,Northern Pike,,Chordata,Osteichthyes,Esociformes,Esocidae,Esox,lucius,,,,1,
{6204CA84-80D1-11D3-AFD7-00C04FF7F6A0},NSM,FALSE,Night Smelt,,Chordata,Osteichthyes,Salmoniformes,Osmeridae,Spirinchus,starski,235,,,1,
{6204CA56-80D1-11D3-AFD7-00C04FF7F6A0},OSH,FALSE,Opossum Shrimp,,Arthropoda,Crustacea,Malacostraca,Mysidae,neomysis,NA,154,,,1,
{90FE9FCC-E1FB-11D2-9F94-006008038FD8},PAH,FALSE,Pacific Herring,,Chordata,Osteichthyes,Clupeiformes,Clupeidae,Clupea,pallasi,157,,,1,
{6204CA81-80D1-11D3-AFD7-00C04FF7F6A0},PBU,FALSE,Pacific Butterfish,,Chordata,Osteichthyes,Perciformes,Stromateidae,Peprilus,simillimus,232,,,1,
{6204CAAF-80D1-11D3-AFD7-00C04FF7F6A0},PELR,FALSE,Pacific Electric Ray,,Chordata,Elasmobranchiomorphi,Rajiformes,Torpedinidae,Torpedo,californica,252,,,1,
{6204CA67-80D1-11D3-AFD7-00C04FF7F6A0},PER,FALSE,Perch Unknown,,Chordata,Osteichthyes,Perciformes,Percidae,NA,NA,204,,,1,
{6204CA8C-80D1-11D3-AFD7-00C04FF7F6A0},PHA,FALSE,Pacific Halibut,,Chordata,Osteichthyes,Pleuronectiformes,Pleuronectidae,Hippoglossus,stenolepis,244,,,1,
{EA705994-3EE8-4FA0-B84F-92BAC426D238},PKN,TRUE,Pumpkinseed Sunfish,N,Chordata,Actinopterygii,Perciformes,Centrarchidae,Lepomis,gibbosus,,,,1278,
{13157E75-8C9C-11D3-AFE6-00C04FF7F6A0},PKS,FALSE,Pink Salmon,,Chordata,Osteichthyes,Salmoniformes,Salmonidae,Oncorhynchus,gorbuscha,,,,1,
{13157E77-8C9C-11D3-AFE6-00C04FF7F6A0},PL,TRUE,Pacific  Lamprey,N,Chordata,Cephalaspidomorphi,Petromyzontiformes,Petromyzontidae,Lampetra,tridentata,,,,1,
{90FE9FCF-E1FB-11D2-9F94-006008038FD8},PMP,FALSE,Plainfin Midshipman,,Chordata,Osteichthyes,Batrachoidiformes,Batrachoididae,Porichthys,notatus,152,,,1,
{6204CA86-80D1-11D3-AFD7-00C04FF7F6A0},PPE,FALSE,Pile Perch,,Chordata,Osteichthyes,Percifomes,Embiotocidae,Rhacochilus,vacca,237,,,1,
{90FE9FD0-E1FB-11D2-9F94-006008038FD8},PRS,TRUE,Prickly Sculpin,N,Chordata,Osteichthyes,Scorpaeniformes,Cottidae,Cottus,asper,159,,,1278,
{6204CA7D-80D1-11D3-AFD7-00C04FF7F6A0},PS,FALSE,Pacific Sanddab,,Chordata,Osteichthyes,Pleuronectiformes,Bothidae,Citharichthys,sordidus,228,,,1,
{6204CA95-80D1-11D3-AFD7-00C04FF7F6A0},PSA,FALSE,Pacific sardine,,Chordata,Osteichthyes,Clupeiformes,Clupeidae,Sardinops,sagax,253,,,1,
{90FE9FD1-E1FB-11D2-9F94-006008038FD8},PSS,TRUE,Pacific Staghorn Sculpin,N,Chordata,Osteichthyes,Scorpaeniformes,Cottidae,Leptocottus,armatus,170,,,1278,
{6204CA82-80D1-11D3-AFD7-00C04FF7F6A0},PTO,FALSE,Pacific Tomcod,,Chordata,Osteichthyes,Gadiformes,Gadidae,Microgadus,proximus,233,,,1,
{90FE9FD2-E1FB-11D2-9F94-006008038FD8},RBT,TRUE,Rainbow / Steelhead Trout,N,Chordata,Osteichthyes,Salmoniformes,Salmonidae,Oncorhynchus,mykiss,161,,,1278,
{6204CA96-80D1-11D3-AFD7-00C04FF7F6A0},REB,FALSE,Redeye Bass,I,Chordata,Osteichthyes,Perciformes,Centrarchidae,Micropterus,coosae,256,,,1,
{90FE9FD3-E1FB-11D2-9F94-006008038FD8},RES,TRUE,Redear Sunfish,I,Chordata,Osteichthyes,Perciformes,Centrarchidae,Lepomis,microlophus,162,,,1278,
{90FE9FD5-E1FB-11D2-9F94-006008038FD8},RFK,TRUE,Rainwater Killifish,I,Chordata,Osteichthyes,Cyprinodontiformes,Cyprinodontidae,Lucania,parva,147,,,1,
{6204CA68-80D1-11D3-AFD7-00C04FF7F6A0},RFL,FALSE,Righteye Flounder Unknown,,Chordata,Osteichthyes,Pleuronectiformes,Pleuronectidae,NA,NA,205,,,1,
{6204CA69-80D1-11D3-AFD7-00C04FF7F6A0},RFN,FALSE,Rosyface Shinner,,Chordata,Osteichthyes,Cypriniformes,Cyprinidae,Notropis,rubellus,206,,,1,
{6204CA77-80D1-11D3-AFD7-00C04FF7F6A0},RFS,TRUE,Riffle Sculpin,N,Chordata,Osteichthyes,Scorpaeniformes,Cottidae,Cottus,gulosus,222,,,1278,
{90FE9FD8-E1FB-11D2-9F94-006008038FD8},RL,TRUE,River Lamprey,N,Chordata,Cephalaspidomorphi,Petromyzontiformes,Petromyzontidae,Lampetra,ayresi,208,,,1278,
{6204CA6A-80D1-11D3-AFD7-00C04FF7F6A0},ROC,FALSE,Rockfish Unknown,,Chordata,Osteichthyes,Scorpaeniformes,Scorpaenidae,NA,NA,207,,,1,
{6204CA8F-80D1-11D3-AFD7-00C04FF7F6A0},ROS,FALSE,Rock Sole,,Chordata,Osteichthyes,Pleuronectiformes,Pleuronectidae,Lepidopsetta,bilineatta,247,,,1,
{90FE9FDA-E1FB-11D2-9F94-006008038FD8},RSN,TRUE,Red Shiner,I,Chordata,Osteichthyes,Cypriniformes,Cyprinidae,Cyprinella,lutrensis,187,,,1278,
{6204CA8B-80D1-11D3-AFD7-00C04FF7F6A0},RSU,FALSE,Rubberlip Surfperch,,Chordata,Osteichthyes,Percifomes,Embiotocidae,Rhacochilus,toxotes,243,,,1,
{90FE9FDB-E1FB-11D2-9F94-006008038FD8},SAPM,TRUE,Sacramento Pikeminnow,N,Chordata,Osteichthyes,Cypriniformes,Cyprinidae,Ptychocheilus,grandis,164,98 to 3/28/18 SASQ,,1278,
{6204CA8D-80D1-11D3-AFD7-00C04FF7F6A0},SAS,FALSE,Sand Sole,,Chordata,Osteichthyes,Pleuronectiformes,Pleuronectidae,Psettichthys,melanostictus,245,,,1,
{90FE9FDC-E1FB-11D2-9F94-006008038FD8},SASU,TRUE,Sacramento Sucker,N,Chordata,Osteichthyes,Cypriniformes,Catostomidae,Catostomus,occidentalis,165,,,1278,
{90FE9FDD-E1FB-11D2-9F94-006008038FD8},SCB,TRUE,Sacramento Blackfish,N,Chordata,Osteichthyes,Cypriniformes,Cyprinidae,Orthodon,microlepidotus,163,,,1278,
{6204CA60-80D1-11D3-AFD7-00C04FF7F6A0},SCP,TRUE,Sculpin Unknown,N,Chordata,Osteichthyes,Scorpaeniformes,Cottidae,NA,NA,193,,,1,
{6204CA89-80D1-11D3-AFD7-00C04FF7F6A0},SDO,FALSE,Spiny Dogfish,,Chordata,Elasmobranchiomorphi,Squaliformes,Squalidae,Squalus,acanthias,241,,,1,
{6204CA6C-80D1-11D3-AFD7-00C04FF7F6A0},SF,TRUE,Pumpkinseed,I,Chordata,Osteichthyes,Perciformes,Centrarchidae,Lepomis,gibbosus,210,,,1278,
{13157E79-8C9C-11D3-AFE6-00C04FF7F6A0},SHG,FALSE,Shokihaze Goby,,Chordata,Osteichthyes,Perciformes,Gobiidae,Tridentiger,barbatus,,,,1,
{90FE9FE0-E1FB-11D2-9F94-006008038FD8},SHM,TRUE,Shimofuri Goby,I,Chordata,Osteichthyes,Perciformes,Gobiidae,Tridentiger,bifasciatus,167,,,1278,
{6204CA5B-80D1-11D3-AFD7-00C04FF7F6A0},SHP,FALSE,Shiner perch,,Chordata,Osteichthyes,Perciformes,Embiotocidae,Cymatogaster,aggregata,168,,,1,
{32A9D9C4-0B63-11D6-BDAD-00104B2A7B96},SHR,TRUE,Siberian Prawn,I,Arthropoda,Crustacea,Caridae,Palaemonidae,Exopalaemon,modestus,,,,1278,
{5A36B386-A085-4CDE-A183-252AF8F1567C},SHRK,TRUE,Mississippi Grass Shrimp,I,Arthropoda,Malacostraca,Decapoda,Palaemonidae,Palaemonetes,kadiakensis,,,,,
{6204CA9C-80D1-11D3-AFD7-00C04FF7F6A0},SIL,FALSE,Silversides Unknown,,Chordata,Osteichthyes,Atheriniformes,Atherinidae,NA,NA,262,,,1,
{90FE9FE1-E1FB-11D2-9F94-006008038FD8},SMB,TRUE,Smallmouth Bass,I,Chordata,Osteichthyes,Perciformes,Centrarchidae,Micropterus,dolomieu,188,,,1278,
{6204CA6D-80D1-11D3-AFD7-00C04FF7F6A0},SME,TRUE,Smelt Unknown,,Chordata,Osteichthyes,Salmoniformes,Osmeridae,NA,NA,211,,,1,
{6204CA6E-80D1-11D3-AFD7-00C04FF7F6A0},SMU,FALSE,Striped Mullet,,Chordata,Osteichthyes,Perciformes,Mugilidae,Mugil,cephalus,212,,,1,
{6204CA71-80D1-11D3-AFD7-00C04FF7F6A0},SNF,TRUE,Sunfish Unknown,I,Chordata,Osteichthyes,Perciformes,Centrarchidae,NA,NA,216,,,1,
{6204CA6F-80D1-11D3-AFD7-00C04FF7F6A0},SPB,TRUE,Spotted Bass,I,Chordata,Osteichthyes,Perciformes,Centrarchidae,Micropterus,punctulatus,213,,,1278,
{6204CA76-80D1-11D3-AFD7-00C04FF7F6A0},SPD,FALSE,Speckled Dace,,Chordata,Osteichthyes,Cypriniformes,Cyprinidae,Rhinichthys,osculus,221,,,1,
{6204CA5A-80D1-11D3-AFD7-00C04FF7F6A0},SPK,FALSE,Speckled Sanddab,,Chordata,Osteichthyes,Pleuronectiformes,Bothidae,Citharichthys,stigmaeus,166,,,1,
{6204CAA6-80D1-11D3-AFD7-00C04FF7F6A0},SPLT,TRUE,Splittail,N,Chordata,Osteichthyes,Cypriniformes,Cyprinidae,Pogonichthys,macrolepidotus,169,,,1278,
{90FE9FE9-E1FB-11D2-9F94-006008038FD8},SPR,FALSE,Sacramento Perch,,Chordata,Osteichthyes,Perciformes,Centrarchidae,Archoplites,interruptus,214,,,1,
{6204CA88-80D1-11D3-AFD7-00C04FF7F6A0},SSH,FALSE,Sevengill Shark,,Chordata,Elasmobranchiomorphi,Hexanchiformes,Hexanchidae,Notorynchus,maculatus,240,,,1,
{90FE9FEB-E1FB-11D2-9F94-006008038FD8},SSM,FALSE,Surf Smelt,,Chordata,Osteichthyes,Salmoniformes,Osmeridae,Hypomesus,pretiosus,174,,,1,
{6204CA92-80D1-11D3-AFD7-00C04FF7F6A0},SSU,FALSE,Spotfin Surfperch,,Chordata,Osteichthyes,Percifomes,Embiotocidae,Hyperprosopon,anale,250,,,1,
{90FE9FEC-E1FB-11D2-9F94-006008038FD8},STB,TRUE,Striped Bass,I,Chordata,Osteichthyes,Perciformes,Percichthyidae,Morone,saxatilis,172,,,1,
{90FE9FED-E1FB-11D2-9F94-006008038FD8},STF,TRUE,Starry Flounder,N,Chordata,Osteichthyes,Pleuronectiformes,Pleuronectidae,Platichthys,stellatus,173,,,1,
{6204CA70-80D1-11D3-AFD7-00C04FF7F6A0},STG,TRUE,Sturgeon Unknown,N,Chordata,Osteichthyes,Acipenseriformes,Acipenseridae,Acipenser,NA,215,,,1,
{9E15E9F1-550B-4507-934D-70D06A113B03},STSC,TRUE,Staghorn Sculpin,N,NA,NA,NA,NA,NA,NA,,,,1278,
{6204CA72-80D1-11D3-AFD7-00C04FF7F6A0},SUC,FALSE,Sucker Unknown,,Chordata,Osteichthyes,Cypriniformes,Catostomidae,NA,NA,217,,,1,
{6204CA73-80D1-11D3-AFD7-00C04FF7F6A0},SVP,FALSE,Silver Perch,,Chordata,Osteichthyes,Perciformes,Embiotocidae,Hyperprosopon,ellipticum,218,,,1,
{6204CA74-80D1-11D3-AFD7-00C04FF7F6A0},TC,FALSE,Tui Chub,,Chordata,Osteichthyes,Cypriniformes,Cyprinidae,Gila,bicolor,219,,,1,
{90FE9FF3-E1FB-11D2-9F94-006008038FD8},TFS,TRUE,Threadfin Shad,I,Chordata,Osteichthyes,Clupeiformes,Clupeidae,Dorosoma,petenense,175,,,1278,
{6204CA9B-80D1-11D3-AFD7-00C04FF7F6A0},TGO,FALSE,Tidewater Goby,,Chordata,Osteichthyes,Perciformes,Gobiidae,Eucyclogobius,newberryi,261,,,1,
{13157E7A-8C9C-11D3-AFE6-00C04FF7F6A0},TOTALC,FALSE,Total Fish Count,,NA,NA,NA,NA,NA,Total,,,,1,
{13157E7B-8C9C-11D3-AFE6-00C04FF7F6A0},TOTALE,FALSE,Total Fish Estimate,,NA,NA,NA,NA,NA,Estimate,,,,1,
{90FE9FF4-E1FB-11D2-9F94-006008038FD8},TP,TRUE,Tule Perch,N,Chordata,Osteichthyes,Perciformes,Embiotocidae,Hysterocarpus,traski,177,,,1278,
{90FE9FF5-E1FB-11D2-9F94-006008038FD8},TSM,FALSE,Topsmelt,,Chordata,Osteichthyes,Atheriniformes,Atherinidae,Atherinops,affinis,176,,,1,
{90FE9FF6-E1FB-11D2-9F94-006008038FD8},TSS,TRUE,Threespine Stickleback,N,Chordata,Osteichthyes,Gasterosteiformes,Gasterosteidae,Gasterosteus,aculeatus,171,,,1278,
{6204CA5E-80D1-11D3-AFD7-00C04FF7F6A0},UNID,TRUE,Unknown,,NA,NA,NA,NA,NA,unknown,190,,,1,
{90FE9FF8-E1FB-11D2-9F94-006008038FD8},W,TRUE,Warmouth,I,Chordata,Osteichthyes,Perciformes,Centrarchidae,Lepomis,gulosus,183,,,1278,
{90FE9FF9-E1FB-11D2-9F94-006008038FD8},WAG,TRUE,Wakasagi,I,Chordata,Osteichthyes,Salmoniformes,Osmeridae,Hypomesus,nipponensis,178,,,1278,
{90FE9FFA-E1FB-11D2-9F94-006008038FD8},WCK,FALSE,White Croaker,,Chordata,Osteichthyes,Perciformes,Sciaenidae,Genyonemus,lineatus,181,,,1,
{6204CA91-80D1-11D3-AFD7-00C04FF7F6A0},WEE,FALSE,Wolf-eel,,Chordata,Osteichthyes,Percifomes,Anarhichadidae,Anarrhichthys,ocellantus,249,,,1,
{D1881001-88A3-11D3-AFE1-00C04FF7F6A0},WHB,FALSE,White Bass,,Chordata,Osteichthyes,Perciformes,Percichthyidae,Morone,Chrysops,,,,1,
{90FE9FFB-E1FB-11D2-9F94-006008038FD8},WHC,TRUE,White Catfish,I,Chordata,Osteichthyes,Siluriformes,Ictaluridae,Ameiurus,catus,179,,,1278,
{90FE9FFC-E1FB-11D2-9F94-006008038FD8},WHS,TRUE,White Crappie,I,Chordata,Osteichthyes,Perciformes,Centrarchidae,Pomoxis,annularis,180,,,1278,
{6204CA93-80D1-11D3-AFD7-00C04FF7F6A0},WPE,FALSE,White Perch,,Chordata,Osteichthyes,Percifomes,Embiotocidae,Phanerodon,furactus,251,,,1,
{6204CA85-80D1-11D3-AFD7-00C04FF7F6A0},WSM,FALSE,Whitebait Smelt,,Chordata,Osteichthyes,Salmoniformes,Osmeridae,Allosmerus,elongatus,236,,,1,
{6204CA78-80D1-11D3-AFD7-00C04FF7F6A0},WSP,FALSE,Walleye Surfperch,,Chordata,Osteichthyes,Perciformes,Embiotocidae,Hyperprosopon,Argenteum,223,,,1,
{90FE9FFD-E1FB-11D2-9F94-006008038FD8},WST,TRUE,White Sturgeon,N,Chordata,Osteichthyes,Acipenseriformes,Acipenseridae,Acipenser,transmontanus,182,,,1278,
{6204CA5F-80D1-11D3-AFD7-00C04FF7F6A0},YEB,TRUE,Yellow Bullhead,I,Chordata,Osteichthyes,Siluriformes,Ictaluridae,Ictalurus,natalis,191,,,1278,
{13157E72-8C9C-11D3-AFE6-00C04FF7F6A0},YEP,FALSE,Yellow Perch,,Chordata,Osteichthyes,Perciformes,Percidae,Perca,flavescens,,,,1,
{90FEA000-E1FB-11D2-9F94-006008038FD8},YFG,TRUE,Yellowfin Goby,I,Chordata,Osteichthyes,Perciformes,Gobiidae,Acanthogobius,flavimanus,184,,,1278,
